time,w1,w2,wb,acc
0,-0.851241,-1.668298,0.734648,0.630000
1,0.828759,-2.428298,0.754648,0.836000
2,0.828759,-2.428298,0.754648,0.836000
3,0.828759,-2.428298,0.754648,0.836000
4,0.828759,-2.428298,0.754648,0.836000
5,0.828759,-2.428298,0.754648,0.836000
6,0.828759,-2.428298,0.754648,0.836000
7,1.368759,-1.968298,0.774648,0.921000
8,1.368759,-1.968298,0.774648,0.921000
9,1.368759,-1.968298,0.774648,0.921000
10,1.368759,-1.968298,0.774648,0.921000
11,1.368759,-1.968298,0.774648,0.921000
12,3.308759,-0.528298,0.794648,0.780000
13,3.308759,-0.528298,0.794648,0.780000
14,3.308759,-0.528298,0.794648,0.780000
15,3.308759,-0.528298,0.794648,0.780000
16,2.068759,-2.428298,0.814648,0.962000
17,3.868759,-0.888298,0.834648,0.790000
18,3.868759,-0.888298,0.834648,0.790000
19,3.868759,-0.888298,0.834648,0.790000
20,3.868759,-0.888298,0.834648,0.790000
21,3.868759,-0.888298,0.834648,0.790000
22,3.868759,-0.888298,0.834648,0.790000
23,3.168759,-1.968298,0.854648,0.889000
24,3.168759,-1.968298,0.854648,0.889000
25,3.168759,-1.968298,0.854648,0.889000
26,3.168759,-1.968298,0.854648,0.889000
27,3.168759,-1.968298,0.854648,0.889000
28,3.168759,-1.968298,0.854648,0.889000
29,3.168759,-1.968298,0.854648,0.889000
30,3.168759,-1.968298,0.854648,0.889000
31,3.168759,-1.968298,0.854648,0.889000
32,3.168759,-1.968298,0.854648,0.889000
33,3.168759,-1.968298,0.854648,0.889000
34,3.168759,-1.968298,0.854648,0.889000
35,3.168759,-1.968298,0.854648,0.889000
36,2.568759,-2.828298,0.874648,0.976000
37,2.568759,-2.828298,0.874648,0.976000
38,2.568759,-2.828298,0.874648,0.976000
39,2.568759,-2.828298,0.874648,0.976000
40,2.568759,-2.828298,0.874648,0.976000
41,2.568759,-2.828298,0.874648,0.976000
42,2.568759,-2.828298,0.874648,0.976000
43,2.568759,-2.828298,0.874648,0.976000
44,2.568759,-2.828298,0.874648,0.976000
45,2.568759,-2.828298,0.874648,0.976000
46,2.568759,-2.828298,0.874648,0.976000
47,2.568759,-2.828298,0.874648,0.976000
48,2.568759,-2.828298,0.874648,0.976000
49,2.568759,-2.828298,0.874648,0.976000
50,2.568759,-2.828298,0.874648,0.976000
51,2.568759,-2.828298,0.874648,0.976000
52,2.568759,-2.828298,0.874648,0.976000
53,2.568759,-2.828298,0.874648,0.976000
54,2.568759,-2.828298,0.874648,0.976000
55,2.568759,-2.828298,0.874648,0.976000
56,2.568759,-2.828298,0.874648,0.976000
57,2.568759,-2.828298,0.874648,0.976000
58,2.568759,-2.828298,0.874648,0.976000
59,2.568759,-2.828298,0.874648,0.976000
60,2.568759,-2.828298,0.874648,0.976000
61,2.568759,-2.828298,0.874648,0.976000
62,2.568759,-2.828298,0.874648,0.976000
63,2.568759,-2.828298,0.874648,0.976000
64,2.568759,-2.828298,0.874648,0.976000
65,2.568759,-2.828298,0.874648,0.976000
66,2.568759,-2.828298,0.874648,0.976000
67,2.568759,-2.828298,0.874648,0.976000
68,2.568759,-2.828298,0.874648,0.976000
69,2.568759,-2.828298,0.874648,0.976000
70,2.568759,-2.828298,0.874648,0.976000
71,2.568759,-2.828298,0.874648,0.976000
72,2.568759,-2.828298,0.874648,0.976000
73,2.568759,-2.828298,0.874648,0.976000
74,2.568759,-2.828298,0.874648,0.976000
75,2.568759,-2.828298,0.874648,0.976000
76,2.568759,-2.828298,0.874648,0.976000
77,2.568759,-2.828298,0.874648,0.976000
78,2.568759,-2.828298,0.874648,0.976000
79,2.568759,-2.828298,0.874648,0.976000
80,2.568759,-2.828298,0.874648,0.976000
81,2.568759,-2.828298,0.874648,0.976000
82,2.568759,-2.828298,0.874648,0.976000
83,2.568759,-2.828298,0.874648,0.976000
84,2.568759,-2.828298,0.874648,0.976000
85,2.568759,-2.828298,0.874648,0.976000
86,2.568759,-2.828298,0.874648,0.976000
87,2.568759,-2.828298,0.874648,0.976000
88,2.568759,-2.828298,0.874648,0.976000
89,2.568759,-2.828298,0.874648,0.976000
90,2.568759,-2.828298,0.874648,0.976000
91,2.568759,-2.828298,0.874648,0.976000
92,2.568759,-2.828298,0.874648,0.976000
93,2.568759,-2.828298,0.874648,0.976000
94,2.568759,-2.828298,0.874648,0.976000
95,2.568759,-2.828298,0.874648,0.976000
96,2.568759,-2.828298,0.874648,0.976000
97,2.568759,-2.828298,0.874648,0.976000
98,2.568759,-2.828298,0.874648,0.976000
99,2.568759,-2.828298,0.874648,0.976000
100,2.568759,-2.828298,0.874648,0.976000
101,2.568759,-2.828298,0.874648,0.976000
102,4.288759,-1.188298,0.894648,0.807000
103,4.288759,-1.188298,0.894648,0.807000
104,3.568759,-2.048298,0.914648,0.879000
105,3.568759,-2.048298,0.914648,0.879000
106,3.568759,-2.048298,0.914648,0.879000
107,3.568759,-2.048298,0.914648,0.879000
108,3.568759,-2.048298,0.914648,0.879000
109,3.568759,-2.048298,0.914648,0.879000
110,3.568759,-2.048298,0.914648,0.879000
111,3.568759,-2.048298,0.914648,0.879000
112,3.568759,-2.048298,0.914648,0.879000
113,3.568759,-2.048298,0.914648,0.879000
114,3.568759,-2.048298,0.914648,0.879000
115,3.568759,-2.048298,0.914648,0.879000
116,3.568759,-2.048298,0.914648,0.879000
117,3.568759,-2.048298,0.914648,0.879000
118,3.568759,-2.048298,0.914648,0.879000
119,3.568759,-2.048298,0.914648,0.879000
120,3.568759,-2.048298,0.914648,0.879000
121,3.568759,-2.048298,0.914648,0.879000
122,3.568759,-2.048298,0.914648,0.879000
123,3.568759,-2.048298,0.914648,0.879000
124,3.568759,-2.048298,0.914648,0.879000
125,3.568759,-2.048298,0.914648,0.879000
126,3.568759,-2.048298,0.914648,0.879000
127,3.568759,-2.048298,0.914648,0.879000
128,3.568759,-2.048298,0.914648,0.879000
129,3.568759,-2.048298,0.914648,0.879000
130,3.568759,-2.048298,0.914648,0.879000
131,2.828759,-3.148298,0.934648,0.974000
132,2.828759,-3.148298,0.934648,0.974000
133,2.828759,-3.148298,0.934648,0.974000
134,2.828759,-3.148298,0.934648,0.974000
135,2.828759,-3.148298,0.934648,0.974000
136,2.828759,-3.148298,0.934648,0.974000
137,4.208759,-1.868298,0.954648,0.838000
138,2.508759,-3.688298,0.974648,0.920000
139,2.508759,-3.688298,0.974648,0.920000
140,2.508759,-3.688298,0.974648,0.920000
141,2.508759,-3.688298,0.974648,0.920000
142,2.508759,-3.688298,0.974648,0.920000
143,2.508759,-3.688298,0.974648,0.920000
144,2.508759,-3.688298,0.974648,0.920000
145,2.508759,-3.688298,0.974648,0.920000
146,2.508759,-3.688298,0.974648,0.920000
147,2.508759,-3.688298,0.974648,0.920000
148,2.508759,-3.688298,0.974648,0.920000
149,2.508759,-3.688298,0.974648,0.920000
150,2.508759,-3.688298,0.974648,0.920000
151,2.508759,-3.688298,0.974648,0.920000
152,2.508759,-3.688298,0.974648,0.920000
153,2.508759,-3.688298,0.974648,0.920000
154,3.328759,-3.008298,0.994648,0.972000
155,3.328759,-3.008298,0.994648,0.972000
156,3.328759,-3.008298,0.994648,0.972000
157,3.328759,-3.008298,0.994648,0.972000
158,3.328759,-3.008298,0.994648,0.972000
159,3.328759,-3.008298,0.994648,0.972000
160,3.328759,-3.008298,0.994648,0.972000
161,3.328759,-3.008298,0.994648,0.972000
162,3.328759,-3.008298,0.994648,0.972000
163,3.328759,-3.008298,0.994648,0.972000
164,3.328759,-3.008298,0.994648,0.972000
165,3.328759,-3.008298,0.994648,0.972000
166,3.328759,-3.008298,0.994648,0.972000
167,3.328759,-3.008298,0.994648,0.972000
168,3.328759,-3.008298,0.994648,0.972000
169,3.328759,-3.008298,0.994648,0.972000
170,3.328759,-3.008298,0.994648,0.972000
171,3.328759,-3.008298,0.994648,0.972000
172,3.328759,-3.008298,0.994648,0.972000
173,3.328759,-3.008298,0.994648,0.972000
174,3.328759,-3.008298,0.994648,0.972000
175,3.328759,-3.008298,0.994648,0.972000
176,3.328759,-3.008298,0.994648,0.972000
177,3.328759,-3.008298,0.994648,0.972000
178,3.328759,-3.008298,0.994648,0.972000
179,3.328759,-3.008298,0.994648,0.972000
180,3.328759,-3.008298,0.994648,0.972000
181,3.328759,-3.008298,0.994648,0.972000
182,3.328759,-3.008298,0.994648,0.972000
183,3.328759,-3.008298,0.994648,0.972000
184,3.328759,-3.008298,0.994648,0.972000
185,3.328759,-3.008298,0.994648,0.972000
186,3.328759,-3.008298,0.994648,0.972000
187,3.328759,-3.008298,0.994648,0.972000
188,3.328759,-3.008298,0.994648,0.972000
189,3.328759,-3.008298,0.994648,0.972000
190,3.328759,-3.008298,0.994648,0.972000
191,3.328759,-3.008298,0.994648,0.972000
192,3.328759,-3.008298,0.994648,0.972000
193,3.328759,-3.008298,0.994648,0.972000
194,3.328759,-3.008298,0.994648,0.972000
195,3.328759,-3.008298,0.994648,0.972000
196,3.328759,-3.008298,0.994648,0.972000
197,3.328759,-3.008298,0.994648,0.972000
198,3.328759,-3.008298,0.994648,0.972000
199,3.328759,-3.008298,0.994648,0.972000
200,1.908759,-4.468298,1.014648,0.853000
201,1.908759,-4.468298,1.014648,0.853000
202,1.908759,-4.468298,1.014648,0.853000
203,1.908759,-4.468298,1.014648,0.853000
204,1.908759,-4.468298,1.014648,0.853000
205,1.908759,-4.468298,1.014648,0.853000
206,1.908759,-4.468298,1.014648,0.853000
207,1.908759,-4.468298,1.014648,0.853000
208,1.908759,-4.468298,1.014648,0.853000
209,1.908759,-4.468298,1.014648,0.853000
210,1.908759,-4.468298,1.014648,0.853000
211,1.908759,-4.468298,1.014648,0.853000
212,1.908759,-4.468298,1.014648,0.853000
213,3.128759,-3.348298,1.034648,0.988000
214,3.128759,-3.348298,1.034648,0.988000
215,3.128759,-3.348298,1.034648,0.988000
216,3.128759,-3.348298,1.034648,0.988000
217,3.128759,-3.348298,1.034648,0.988000
218,3.128759,-3.348298,1.034648,0.988000
219,3.128759,-3.348298,1.034648,0.988000
220,3.128759,-3.348298,1.034648,0.988000
221,3.128759,-3.348298,1.034648,0.988000
222,3.128759,-3.348298,1.034648,0.988000
223,3.128759,-3.348298,1.034648,0.988000
224,3.128759,-3.348298,1.034648,0.988000
225,3.128759,-3.348298,1.034648,0.988000
226,3.128759,-3.348298,1.034648,0.988000
227,3.128759,-3.348298,1.034648,0.988000
228,3.128759,-3.348298,1.034648,0.988000
229,3.128759,-3.348298,1.034648,0.988000
230,3.128759,-3.348298,1.034648,0.988000
231,3.128759,-3.348298,1.034648,0.988000
232,3.128759,-3.348298,1.034648,0.988000
233,3.128759,-3.348298,1.034648,0.988000
234,3.128759,-3.348298,1.034648,0.988000
235,3.128759,-3.348298,1.034648,0.988000
236,3.128759,-3.348298,1.034648,0.988000
237,3.128759,-3.348298,1.034648,0.988000
238,3.128759,-3.348298,1.034648,0.988000
239,3.128759,-3.348298,1.034648,0.988000
240,3.128759,-3.348298,1.034648,0.988000
241,3.128759,-3.348298,1.034648,0.988000
242,3.128759,-3.348298,1.034648,0.988000
243,3.128759,-3.348298,1.034648,0.988000
244,3.128759,-3.348298,1.034648,0.988000
245,3.128759,-3.348298,1.034648,0.988000
246,3.128759,-3.348298,1.034648,0.988000
247,3.128759,-3.348298,1.034648,0.988000
248,3.128759,-3.348298,1.034648,0.988000
249,3.128759,-3.348298,1.034648,0.988000
250,3.128759,-3.348298,1.034648,0.988000
251,3.128759,-3.348298,1.034648,0.988000
252,3.128759,-3.348298,1.034648,0.988000
253,3.128759,-3.348298,1.034648,0.988000
254,3.128759,-3.348298,1.034648,0.988000
255,3.128759,-3.348298,1.034648,0.988000
256,3.128759,-3.348298,1.034648,0.988000
257,3.128759,-3.348298,1.034648,0.988000
258,3.128759,-3.348298,1.034648,0.988000
259,3.128759,-3.348298,1.034648,0.988000
260,3.128759,-3.348298,1.034648,0.988000
261,3.128759,-3.348298,1.034648,0.988000
262,3.128759,-3.348298,1.034648,0.988000
263,3.128759,-3.348298,1.034648,0.988000
264,3.128759,-3.348298,1.034648,0.988000
265,3.128759,-3.348298,1.034648,0.988000
266,3.128759,-3.348298,1.034648,0.988000
267,3.128759,-3.348298,1.034648,0.988000
268,3.128759,-3.348298,1.034648,0.988000
269,3.128759,-3.348298,1.034648,0.988000
270,3.128759,-3.348298,1.034648,0.988000
271,3.128759,-3.348298,1.034648,0.988000
272,3.128759,-3.348298,1.034648,0.988000
273,3.128759,-3.348298,1.034648,0.988000
274,3.128759,-3.348298,1.034648,0.988000
275,3.128759,-3.348298,1.034648,0.988000
276,3.128759,-3.348298,1.034648,0.988000
277,3.128759,-3.348298,1.034648,0.988000
278,3.128759,-3.348298,1.034648,0.988000
279,3.128759,-3.348298,1.034648,0.988000
280,3.128759,-3.348298,1.034648,0.988000
281,3.128759,-3.348298,1.034648,0.988000
282,3.128759,-3.348298,1.034648,0.988000
283,3.128759,-3.348298,1.034648,0.988000
284,3.128759,-3.348298,1.034648,0.988000
285,3.128759,-3.348298,1.034648,0.988000
286,3.128759,-3.348298,1.034648,0.988000
287,3.128759,-3.348298,1.034648,0.988000
288,3.128759,-3.348298,1.034648,0.988000
289,3.128759,-3.348298,1.034648,0.988000
290,3.128759,-3.348298,1.034648,0.988000
291,3.888759,-2.628298,1.054648,0.915000
292,3.888759,-2.628298,1.054648,0.915000
293,3.888759,-2.628298,1.054648,0.915000
294,3.888759,-2.628298,1.054648,0.915000
295,3.888759,-2.628298,1.054648,0.915000
296,2.848759,-4.128298,1.074648,0.921000
297,2.848759,-4.128298,1.074648,0.921000
298,2.848759,-4.128298,1.074648,0.921000
299,2.848759,-4.128298,1.074648,0.921000
300,3.228759,-3.788298,1.094648,0.962000
301,3.228759,-3.788298,1.094648,0.962000
302,3.228759,-3.788298,1.094648,0.962000
303,3.228759,-3.788298,1.094648,0.962000
304,3.228759,-3.788298,1.094648,0.962000
305,3.228759,-3.788298,1.094648,0.962000
306,3.228759,-3.788298,1.094648,0.962000
307,3.228759,-3.788298,1.094648,0.962000
308,3.228759,-3.788298,1.094648,0.962000
309,3.228759,-3.788298,1.094648,0.962000
310,3.228759,-3.788298,1.094648,0.962000
311,3.228759,-3.788298,1.094648,0.962000
312,3.228759,-3.788298,1.094648,0.962000
313,3.228759,-3.788298,1.094648,0.962000
314,3.228759,-3.788298,1.094648,0.962000
315,3.228759,-3.788298,1.094648,0.962000
316,3.228759,-3.788298,1.094648,0.962000
317,3.228759,-3.788298,1.094648,0.962000
318,3.228759,-3.788298,1.094648,0.962000
319,3.228759,-3.788298,1.094648,0.962000
320,3.228759,-3.788298,1.094648,0.962000
321,3.228759,-3.788298,1.094648,0.962000
322,3.228759,-3.788298,1.094648,0.962000
323,3.228759,-3.788298,1.094648,0.962000
324,3.228759,-3.788298,1.094648,0.962000
325,3.228759,-3.788298,1.094648,0.962000
326,4.008759,-3.068298,1.114648,0.939000
327,4.008759,-3.068298,1.114648,0.939000
328,4.008759,-3.068298,1.114648,0.939000
329,4.008759,-3.068298,1.114648,0.939000
330,4.008759,-3.068298,1.114648,0.939000
331,4.008759,-3.068298,1.114648,0.939000
332,4.008759,-3.068298,1.114648,0.939000
333,4.008759,-3.068298,1.114648,0.939000
334,4.008759,-3.068298,1.114648,0.939000
335,4.008759,-3.068298,1.114648,0.939000
336,4.008759,-3.068298,1.114648,0.939000
337,4.008759,-3.068298,1.114648,0.939000
338,4.008759,-3.068298,1.114648,0.939000
339,4.008759,-3.068298,1.114648,0.939000
340,4.008759,-3.068298,1.114648,0.939000
341,4.008759,-3.068298,1.114648,0.939000
342,4.008759,-3.068298,1.114648,0.939000
343,4.008759,-3.068298,1.114648,0.939000
344,4.008759,-3.068298,1.114648,0.939000
345,4.008759,-3.068298,1.114648,0.939000
346,4.008759,-3.068298,1.114648,0.939000
347,4.008759,-3.068298,1.114648,0.939000
348,4.008759,-3.068298,1.114648,0.939000
349,4.008759,-3.068298,1.114648,0.939000
350,4.008759,-3.068298,1.114648,0.939000
351,4.008759,-3.068298,1.114648,0.939000
352,4.008759,-3.068298,1.114648,0.939000
353,4.008759,-3.068298,1.114648,0.939000
354,4.008759,-3.068298,1.114648,0.939000
355,4.008759,-3.068298,1.114648,0.939000
356,4.008759,-3.068298,1.114648,0.939000
357,4.008759,-3.068298,1.114648,0.939000
358,4.008759,-3.068298,1.114648,0.939000
359,4.008759,-3.068298,1.114648,0.939000
360,4.008759,-3.068298,1.114648,0.939000
361,4.008759,-3.068298,1.114648,0.939000
362,4.008759,-3.068298,1.114648,0.939000
363,4.008759,-3.068298,1.114648,0.939000
364,4.008759,-3.068298,1.114648,0.939000
365,4.008759,-3.068298,1.114648,0.939000
366,3.408759,-3.808298,1.134648,0.974000
367,3.408759,-3.808298,1.134648,0.974000
368,5.028759,-2.328298,1.154648,0.843000
369,5.028759,-2.328298,1.154648,0.843000
370,5.028759,-2.328298,1.154648,0.843000
371,5.028759,-2.328298,1.154648,0.843000
372,5.028759,-2.328298,1.154648,0.843000
373,5.028759,-2.328298,1.154648,0.843000
374,5.028759,-2.328298,1.154648,0.843000
375,5.028759,-2.328298,1.154648,0.843000
376,5.028759,-2.328298,1.154648,0.843000
377,5.028759,-2.328298,1.154648,0.843000
378,4.068759,-4.308298,1.174648,0.991000
379,4.068759,-4.308298,1.174648,0.991000
380,4.068759,-4.308298,1.174648,0.991000
381,4.068759,-4.308298,1.174648,0.991000
382,4.068759,-4.308298,1.174648,0.991000
383,4.068759,-4.308298,1.174648,0.991000
384,4.068759,-4.308298,1.174648,0.991000
385,4.068759,-4.308298,1.174648,0.991000
386,4.068759,-4.308298,1.174648,0.991000
387,4.068759,-4.308298,1.174648,0.991000
388,4.068759,-4.308298,1.174648,0.991000
389,4.068759,-4.308298,1.174648,0.991000
390,4.068759,-4.308298,1.174648,0.991000
391,4.068759,-4.308298,1.174648,0.991000
392,4.068759,-4.308298,1.174648,0.991000
393,4.068759,-4.308298,1.174648,0.991000
394,4.068759,-4.308298,1.174648,0.991000
395,4.068759,-4.308298,1.174648,0.991000
396,4.068759,-4.308298,1.174648,0.991000
397,4.068759,-4.308298,1.174648,0.991000
398,4.068759,-4.308298,1.174648,0.991000
399,4.068759,-4.308298,1.174648,0.991000
400,4.068759,-4.308298,1.174648,0.991000
401,4.068759,-4.308298,1.174648,0.991000
402,4.068759,-4.308298,1.174648,0.991000
403,4.068759,-4.308298,1.174648,0.991000
404,4.068759,-4.308298,1.174648,0.991000
405,4.068759,-4.308298,1.174648,0.991000
406,4.068759,-4.308298,1.174648,0.991000
407,4.068759,-4.308298,1.174648,0.991000
408,4.068759,-4.308298,1.174648,0.991000
409,4.068759,-4.308298,1.174648,0.991000
410,4.068759,-4.308298,1.174648,0.991000
411,4.068759,-4.308298,1.174648,0.991000
412,4.068759,-4.308298,1.174648,0.991000
413,4.068759,-4.308298,1.174648,0.991000
414,4.068759,-4.308298,1.174648,0.991000
415,4.068759,-4.308298,1.174648,0.991000
416,4.068759,-4.308298,1.174648,0.991000
417,4.068759,-4.308298,1.174648,0.991000
418,4.068759,-4.308298,1.174648,0.991000
419,4.068759,-4.308298,1.174648,0.991000
420,4.068759,-4.308298,1.174648,0.991000
421,4.068759,-4.308298,1.174648,0.991000
422,4.068759,-4.308298,1.174648,0.991000
423,4.068759,-4.308298,1.174648,0.991000
424,4.068759,-4.308298,1.174648,0.991000
425,4.068759,-4.308298,1.174648,0.991000
426,4.068759,-4.308298,1.174648,0.991000
427,4.068759,-4.308298,1.174648,0.991000
428,4.068759,-4.308298,1.174648,0.991000
429,4.068759,-4.308298,1.174648,0.991000
430,4.068759,-4.308298,1.174648,0.991000
431,4.068759,-4.308298,1.174648,0.991000
432,4.068759,-4.308298,1.174648,0.991000
433,4.068759,-4.308298,1.174648,0.991000
434,4.068759,-4.308298,1.174648,0.991000
435,4.068759,-4.308298,1.174648,0.991000
436,4.068759,-4.308298,1.174648,0.991000
437,4.068759,-4.308298,1.174648,0.991000
438,4.068759,-4.308298,1.174648,0.991000
439,4.068759,-4.308298,1.174648,0.991000
440,4.068759,-4.308298,1.174648,0.991000
441,4.068759,-4.308298,1.174648,0.991000
442,4.068759,-4.308298,1.174648,0.991000
443,4.068759,-4.308298,1.174648,0.991000
444,4.068759,-4.308298,1.174648,0.991000
445,4.068759,-4.308298,1.174648,0.991000
446,4.068759,-4.308298,1.174648,0.991000
447,4.068759,-4.308298,1.174648,0.991000
448,4.068759,-4.308298,1.174648,0.991000
449,4.068759,-4.308298,1.174648,0.991000
450,4.068759,-4.308298,1.174648,0.991000
451,4.068759,-4.308298,1.174648,0.991000
452,4.068759,-4.308298,1.174648,0.991000
453,4.068759,-4.308298,1.174648,0.991000
454,4.068759,-4.308298,1.174648,0.991000
455,4.068759,-4.308298,1.174648,0.991000
456,5.608759,-2.848298,1.194648,0.856000
457,5.608759,-2.848298,1.194648,0.856000
458,5.608759,-2.848298,1.194648,0.856000
459,5.608759,-2.848298,1.194648,0.856000
460,5.608759,-2.848298,1.194648,0.856000
461,5.608759,-2.848298,1.194648,0.856000
462,5.608759,-2.848298,1.194648,0.856000
463,5.608759,-2.848298,1.194648,0.856000
464,4.808759,-3.988298,1.214648,0.952000
465,4.808759,-3.988298,1.214648,0.952000
466,4.808759,-3.988298,1.214648,0.952000
467,4.808759,-3.988298,1.214648,0.952000
468,4.808759,-3.988298,1.214648,0.952000
469,3.728759,-5.188298,1.234648,0.924000
470,3.728759,-5.188298,1.234648,0.924000
471,3.728759,-5.188298,1.234648,0.924000
472,3.728759,-5.188298,1.234648,0.924000
473,3.728759,-5.188298,1.234648,0.924000
474,3.728759,-5.188298,1.234648,0.924000
475,3.728759,-5.188298,1.234648,0.924000
476,3.728759,-5.188298,1.234648,0.924000
477,3.728759,-5.188298,1.234648,0.924000
478,3.728759,-5.188298,1.234648,0.924000
479,3.728759,-5.188298,1.234648,0.924000
480,3.728759,-5.188298,1.234648,0.924000
481,3.728759,-5.188298,1.234648,0.924000
482,3.728759,-5.188298,1.234648,0.924000
483,3.728759,-5.188298,1.234648,0.924000
484,3.728759,-5.188298,1.234648,0.924000
485,3.728759,-5.188298,1.234648,0.924000
486,3.728759,-5.188298,1.234648,0.924000
487,5.368759,-3.668298,1.254648,0.917000
488,5.368759,-3.668298,1.254648,0.917000
489,5.368759,-3.668298,1.254648,0.917000
490,5.368759,-3.668298,1.254648,0.917000
491,5.368759,-3.668298,1.254648,0.917000
492,4.088759,-4.948298,1.274648,0.953000
493,4.088759,-4.948298,1.274648,0.953000
494,4.088759,-4.948298,1.274648,0.953000
495,4.088759,-4.948298,1.274648,0.953000
496,4.088759,-4.948298,1.274648,0.953000
497,4.088759,-4.948298,1.274648,0.953000
498,4.088759,-4.948298,1.274648,0.953000
499,4.088759,-4.948298,1.274648,0.953000
500,4.088759,-4.948298,1.274648,0.953000
501,4.088759,-4.948298,1.274648,0.953000
502,4.088759,-4.948298,1.274648,0.953000
503,4.088759,-4.948298,1.274648,0.953000
504,4.088759,-4.948298,1.274648,0.953000
505,4.088759,-4.948298,1.274648,0.953000
506,4.088759,-4.948298,1.274648,0.953000
507,4.088759,-4.948298,1.274648,0.953000
508,5.508759,-3.628298,1.294648,0.907000
509,5.508759,-3.628298,1.294648,0.907000
510,5.508759,-3.628298,1.294648,0.907000
511,5.508759,-3.628298,1.294648,0.907000
512,5.508759,-3.628298,1.294648,0.907000
513,3.628759,-5.568298,1.314648,0.915000
514,3.628759,-5.568298,1.314648,0.915000
515,3.628759,-5.568298,1.314648,0.915000
516,3.628759,-5.568298,1.314648,0.915000
517,3.628759,-5.568298,1.314648,0.915000
518,3.628759,-5.568298,1.314648,0.915000
519,3.628759,-5.568298,1.314648,0.915000
520,4.108759,-5.188298,1.334648,0.947000
521,4.108759,-5.188298,1.334648,0.947000
522,4.108759,-5.188298,1.334648,0.947000
523,4.108759,-5.188298,1.334648,0.947000
524,4.108759,-5.188298,1.334648,0.947000
525,4.108759,-5.188298,1.334648,0.947000
526,4.108759,-5.188298,1.334648,0.947000
527,4.108759,-5.188298,1.334648,0.947000
528,4.108759,-5.188298,1.334648,0.947000
529,4.108759,-5.188298,1.334648,0.947000
530,4.988759,-4.328298,1.354648,0.963000
531,4.988759,-4.328298,1.354648,0.963000
532,4.988759,-4.328298,1.354648,0.963000
533,4.988759,-4.328298,1.354648,0.963000
534,4.988759,-4.328298,1.354648,0.963000
535,4.988759,-4.328298,1.354648,0.963000
536,4.988759,-4.328298,1.354648,0.963000
537,4.988759,-4.328298,1.354648,0.963000
538,4.988759,-4.328298,1.354648,0.963000
539,4.988759,-4.328298,1.354648,0.963000
540,4.988759,-4.328298,1.354648,0.963000
541,4.988759,-4.328298,1.354648,0.963000
542,4.988759,-4.328298,1.354648,0.963000
543,4.988759,-4.328298,1.354648,0.963000
544,4.988759,-4.328298,1.354648,0.963000
545,4.988759,-4.328298,1.354648,0.963000
546,4.988759,-4.328298,1.354648,0.963000
547,4.988759,-4.328298,1.354648,0.963000
548,4.988759,-4.328298,1.354648,0.963000
549,4.988759,-4.328298,1.354648,0.963000
550,4.988759,-4.328298,1.354648,0.963000
551,4.988759,-4.328298,1.354648,0.963000
552,4.988759,-4.328298,1.354648,0.963000
553,4.988759,-4.328298,1.354648,0.963000
554,4.988759,-4.328298,1.354648,0.963000
555,4.988759,-4.328298,1.354648,0.963000
556,4.988759,-4.328298,1.354648,0.963000
557,4.988759,-4.328298,1.354648,0.963000
558,4.988759,-4.328298,1.354648,0.963000
559,4.988759,-4.328298,1.354648,0.963000
560,4.988759,-4.328298,1.354648,0.963000
561,4.988759,-4.328298,1.354648,0.963000
562,4.988759,-4.328298,1.354648,0.963000
563,4.988759,-4.328298,1.354648,0.963000
564,4.988759,-4.328298,1.354648,0.963000
565,4.988759,-4.328298,1.354648,0.963000
566,4.988759,-4.328298,1.354648,0.963000
567,4.988759,-4.328298,1.354648,0.963000
568,4.988759,-4.328298,1.354648,0.963000
569,4.988759,-4.328298,1.354648,0.963000
570,4.988759,-4.328298,1.354648,0.963000
571,4.988759,-4.328298,1.354648,0.963000
572,4.988759,-4.328298,1.354648,0.963000
573,4.988759,-4.328298,1.354648,0.963000
574,4.988759,-4.328298,1.354648,0.963000
575,4.988759,-4.328298,1.354648,0.963000
576,4.988759,-4.328298,1.354648,0.963000
577,4.988759,-4.328298,1.354648,0.963000
578,4.988759,-4.328298,1.354648,0.963000
579,4.988759,-4.328298,1.354648,0.963000
580,4.988759,-4.328298,1.354648,0.963000
581,4.988759,-4.328298,1.354648,0.963000
582,4.988759,-4.328298,1.354648,0.963000
583,4.988759,-4.328298,1.354648,0.963000
584,4.988759,-4.328298,1.354648,0.963000
585,4.988759,-4.328298,1.354648,0.963000
586,4.988759,-4.328298,1.354648,0.963000
587,4.988759,-4.328298,1.354648,0.963000
588,4.988759,-4.328298,1.354648,0.963000
589,4.988759,-4.328298,1.354648,0.963000
590,4.988759,-4.328298,1.354648,0.963000
591,4.988759,-4.328298,1.354648,0.963000
592,4.988759,-4.328298,1.354648,0.963000
593,4.988759,-4.328298,1.354648,0.963000
594,4.988759,-4.328298,1.354648,0.963000
595,4.988759,-4.328298,1.354648,0.963000
596,4.988759,-4.328298,1.354648,0.963000
597,4.988759,-4.328298,1.354648,0.963000
598,4.988759,-4.328298,1.354648,0.963000
599,4.988759,-4.328298,1.354648,0.963000
600,4.988759,-4.328298,1.354648,0.963000
601,3.388759,-6.108298,1.374648,0.887000
602,3.388759,-6.108298,1.374648,0.887000
603,3.388759,-6.108298,1.374648,0.887000
604,3.388759,-6.108298,1.374648,0.887000
605,3.388759,-6.108298,1.374648,0.887000
606,3.388759,-6.108298,1.374648,0.887000
607,5.108759,-4.748298,1.394648,0.983000
608,5.108759,-4.748298,1.394648,0.983000
609,5.108759,-4.748298,1.394648,0.983000
610,5.108759,-4.748298,1.394648,0.983000
611,5.108759,-4.748298,1.394648,0.983000
612,5.108759,-4.748298,1.394648,0.983000
613,5.108759,-4.748298,1.394648,0.983000
614,5.108759,-4.748298,1.394648,0.983000
615,5.108759,-4.748298,1.394648,0.983000
616,5.108759,-4.748298,1.394648,0.983000
617,5.108759,-4.748298,1.394648,0.983000
618,5.108759,-4.748298,1.394648,0.983000
619,5.108759,-4.748298,1.394648,0.983000
620,5.108759,-4.748298,1.394648,0.983000
621,5.108759,-4.748298,1.394648,0.983000
622,5.108759,-4.748298,1.394648,0.983000
623,5.108759,-4.748298,1.394648,0.983000
624,5.108759,-4.748298,1.394648,0.983000
625,5.108759,-4.748298,1.394648,0.983000
626,5.108759,-4.748298,1.394648,0.983000
627,5.108759,-4.748298,1.394648,0.983000
628,5.108759,-4.748298,1.394648,0.983000
629,5.108759,-4.748298,1.394648,0.983000
630,5.108759,-4.748298,1.394648,0.983000
631,5.108759,-4.748298,1.394648,0.983000
632,5.108759,-4.748298,1.394648,0.983000
633,5.108759,-4.748298,1.394648,0.983000
634,5.108759,-4.748298,1.394648,0.983000
635,5.108759,-4.748298,1.394648,0.983000
636,5.108759,-4.748298,1.394648,0.983000
637,5.108759,-4.748298,1.394648,0.983000
638,4.248759,-5.608298,1.414648,0.934000
639,4.248759,-5.608298,1.414648,0.934000
640,5.608759,-4.428298,1.434648,0.946000
641,5.608759,-4.428298,1.434648,0.946000
642,5.608759,-4.428298,1.434648,0.946000
643,5.608759,-4.428298,1.434648,0.946000
644,5.608759,-4.428298,1.434648,0.946000
645,5.608759,-4.428298,1.434648,0.946000
646,5.608759,-4.428298,1.434648,0.946000
647,5.608759,-4.428298,1.434648,0.946000
648,5.608759,-4.428298,1.434648,0.946000
649,5.608759,-4.428298,1.434648,0.946000
650,5.608759,-4.428298,1.434648,0.946000
651,5.608759,-4.428298,1.434648,0.946000
652,5.608759,-4.428298,1.434648,0.946000
653,5.608759,-4.428298,1.434648,0.946000
654,5.608759,-4.428298,1.434648,0.946000
655,5.608759,-4.428298,1.434648,0.946000
656,5.608759,-4.428298,1.434648,0.946000
657,5.608759,-4.428298,1.434648,0.946000
658,5.608759,-4.428298,1.434648,0.946000
659,5.608759,-4.428298,1.434648,0.946000
660,5.608759,-4.428298,1.434648,0.946000
661,5.608759,-4.428298,1.434648,0.946000
662,5.608759,-4.428298,1.434648,0.946000
663,5.608759,-4.428298,1.434648,0.946000
664,5.608759,-4.428298,1.434648,0.946000
665,5.608759,-4.428298,1.434648,0.946000
666,5.608759,-4.428298,1.434648,0.946000
667,5.608759,-4.428298,1.434648,0.946000
668,5.608759,-4.428298,1.434648,0.946000
669,5.608759,-4.428298,1.434648,0.946000
670,5.608759,-4.428298,1.434648,0.946000
671,5.608759,-4.428298,1.434648,0.946000
672,5.608759,-4.428298,1.434648,0.946000
673,4.268759,-5.968298,1.454648,0.922000
674,4.268759,-5.968298,1.454648,0.922000
675,4.268759,-5.968298,1.454648,0.922000
676,4.268759,-5.968298,1.454648,0.922000
677,4.268759,-5.968298,1.454648,0.922000
678,4.268759,-5.968298,1.454648,0.922000
679,4.268759,-5.968298,1.454648,0.922000
680,4.268759,-5.968298,1.454648,0.922000
681,4.268759,-5.968298,1.454648,0.922000
682,4.268759,-5.968298,1.454648,0.922000
683,4.268759,-5.968298,1.454648,0.922000
684,4.268759,-5.968298,1.454648,0.922000
685,4.268759,-5.968298,1.454648,0.922000
686,4.268759,-5.968298,1.454648,0.922000
687,4.268759,-5.968298,1.454648,0.922000
688,4.268759,-5.968298,1.454648,0.922000
689,4.268759,-5.968298,1.454648,0.922000
690,4.268759,-5.968298,1.454648,0.922000
691,5.288759,-5.068298,1.474648,0.987000
692,5.288759,-5.068298,1.474648,0.987000
693,5.288759,-5.068298,1.474648,0.987000
694,3.428759,-6.988298,1.494648,0.872000
695,3.988759,-6.488298,1.514648,0.906000
696,3.988759,-6.488298,1.514648,0.906000
697,3.988759,-6.488298,1.514648,0.906000
698,3.988759,-6.488298,1.514648,0.906000
699,3.988759,-6.488298,1.514648,0.906000
700,3.988759,-6.488298,1.514648,0.906000
701,3.988759,-6.488298,1.514648,0.906000
702,3.988759,-6.488298,1.514648,0.906000
703,3.988759,-6.488298,1.514648,0.906000
704,3.988759,-6.488298,1.514648,0.906000
705,3.988759,-6.488298,1.514648,0.906000
706,3.988759,-6.488298,1.514648,0.906000
707,3.988759,-6.488298,1.514648,0.906000
708,3.988759,-6.488298,1.514648,0.906000
709,3.988759,-6.488298,1.514648,0.906000
710,3.988759,-6.488298,1.514648,0.906000
711,3.988759,-6.488298,1.514648,0.906000
712,5.888759,-4.748298,1.534648,0.950000
713,5.888759,-4.748298,1.534648,0.950000
714,4.788759,-5.948298,1.554648,0.950000
715,4.788759,-5.948298,1.554648,0.950000
716,4.788759,-5.948298,1.554648,0.950000
717,4.788759,-5.948298,1.554648,0.950000
718,4.788759,-5.948298,1.554648,0.950000
719,4.788759,-5.948298,1.554648,0.950000
720,4.788759,-5.948298,1.554648,0.950000
721,4.788759,-5.948298,1.554648,0.950000
722,4.788759,-5.948298,1.554648,0.950000
723,4.788759,-5.948298,1.554648,0.950000
724,4.788759,-5.948298,1.554648,0.950000
725,4.788759,-5.948298,1.554648,0.950000
726,4.788759,-5.948298,1.554648,0.950000
727,4.788759,-5.948298,1.554648,0.950000
728,4.788759,-5.948298,1.554648,0.950000
729,4.788759,-5.948298,1.554648,0.950000
730,4.788759,-5.948298,1.554648,0.950000
731,4.788759,-5.948298,1.554648,0.950000
732,4.788759,-5.948298,1.554648,0.950000
733,4.788759,-5.948298,1.554648,0.950000
734,4.788759,-5.948298,1.554648,0.950000
735,4.788759,-5.948298,1.554648,0.950000
736,4.788759,-5.948298,1.554648,0.950000
737,4.788759,-5.948298,1.554648,0.950000
738,4.788759,-5.948298,1.554648,0.950000
739,4.788759,-5.948298,1.554648,0.950000
740,4.788759,-5.948298,1.554648,0.950000
741,4.788759,-5.948298,1.554648,0.950000
742,4.788759,-5.948298,1.554648,0.950000
743,4.788759,-5.948298,1.554648,0.950000
744,4.788759,-5.948298,1.554648,0.950000
745,4.788759,-5.948298,1.554648,0.950000
746,5.908759,-4.868298,1.574648,0.951000
747,5.908759,-4.868298,1.574648,0.951000
748,5.908759,-4.868298,1.574648,0.951000
749,5.908759,-4.868298,1.574648,0.951000
750,5.908759,-4.868298,1.574648,0.951000
751,5.908759,-4.868298,1.574648,0.951000
752,5.908759,-4.868298,1.574648,0.951000
753,5.908759,-4.868298,1.574648,0.951000
754,5.908759,-4.868298,1.574648,0.951000
755,5.908759,-4.868298,1.574648,0.951000
756,5.908759,-4.868298,1.574648,0.951000
757,5.908759,-4.868298,1.574648,0.951000
758,5.908759,-4.868298,1.574648,0.951000
759,5.908759,-4.868298,1.574648,0.951000
760,5.908759,-4.868298,1.574648,0.951000
761,5.908759,-4.868298,1.574648,0.951000
762,5.908759,-4.868298,1.574648,0.951000
763,5.908759,-4.868298,1.574648,0.951000
764,5.908759,-4.868298,1.574648,0.951000
765,5.908759,-4.868298,1.574648,0.951000
766,5.908759,-4.868298,1.574648,0.951000
767,4.968759,-5.848298,1.594648,0.959000
768,4.968759,-5.848298,1.594648,0.959000
769,4.968759,-5.848298,1.594648,0.959000
770,4.968759,-5.848298,1.594648,0.959000
771,4.968759,-5.848298,1.594648,0.959000
772,6.748759,-4.128298,1.614648,0.887000
773,6.748759,-4.128298,1.614648,0.887000
774,6.748759,-4.128298,1.614648,0.887000
775,6.748759,-4.128298,1.614648,0.887000
776,6.748759,-4.128298,1.614648,0.887000
777,6.128759,-4.808298,1.634648,0.943000
778,6.128759,-4.808298,1.634648,0.943000
779,6.128759,-4.808298,1.634648,0.943000
780,6.128759,-4.808298,1.634648,0.943000
781,6.128759,-4.808298,1.634648,0.943000
782,6.128759,-4.808298,1.634648,0.943000
783,6.128759,-4.808298,1.634648,0.943000
784,6.128759,-4.808298,1.634648,0.943000
785,6.128759,-4.808298,1.634648,0.943000
786,6.128759,-4.808298,1.634648,0.943000
787,6.128759,-4.808298,1.634648,0.943000
788,6.128759,-4.808298,1.634648,0.943000
789,6.128759,-4.808298,1.634648,0.943000
790,6.128759,-4.808298,1.634648,0.943000
791,6.128759,-4.808298,1.634648,0.943000
792,6.128759,-4.808298,1.634648,0.943000
793,6.128759,-4.808298,1.634648,0.943000
794,6.128759,-4.808298,1.634648,0.943000
795,6.128759,-4.808298,1.634648,0.943000
796,6.128759,-4.808298,1.634648,0.943000
797,6.128759,-4.808298,1.634648,0.943000
798,6.128759,-4.808298,1.634648,0.943000
799,6.128759,-4.808298,1.634648,0.943000
800,6.128759,-4.808298,1.634648,0.943000
801,6.128759,-4.808298,1.634648,0.943000
802,6.128759,-4.808298,1.634648,0.943000
803,6.128759,-4.808298,1.634648,0.943000
804,6.128759,-4.808298,1.634648,0.943000
805,5.488759,-5.608298,1.654648,0.999000
806,5.488759,-5.608298,1.654648,0.999000
807,5.488759,-5.608298,1.654648,0.999000
808,5.488759,-5.608298,1.654648,0.999000
809,5.488759,-5.608298,1.654648,0.999000
810,5.488759,-5.608298,1.654648,0.999000
811,5.488759,-5.608298,1.654648,0.999000
812,5.488759,-5.608298,1.654648,0.999000
813,5.488759,-5.608298,1.654648,0.999000
814,5.488759,-5.608298,1.654648,0.999000
815,5.488759,-5.608298,1.654648,0.999000
816,5.488759,-5.608298,1.654648,0.999000
817,5.488759,-5.608298,1.654648,0.999000
818,5.488759,-5.608298,1.654648,0.999000
819,5.488759,-5.608298,1.654648,0.999000
820,5.488759,-5.608298,1.654648,0.999000
821,5.488759,-5.608298,1.654648,0.999000
822,5.488759,-5.608298,1.654648,0.999000
823,5.488759,-5.608298,1.654648,0.999000
824,5.488759,-5.608298,1.654648,0.999000
825,5.488759,-5.608298,1.654648,0.999000
826,5.488759,-5.608298,1.654648,0.999000
827,5.488759,-5.608298,1.654648,0.999000
828,5.488759,-5.608298,1.654648,0.999000
829,5.488759,-5.608298,1.654648,0.999000
830,5.488759,-5.608298,1.654648,0.999000
831,5.488759,-5.608298,1.654648,0.999000
832,5.488759,-5.608298,1.654648,0.999000
833,5.488759,-5.608298,1.654648,0.999000
834,5.488759,-5.608298,1.654648,0.999000
835,5.488759,-5.608298,1.654648,0.999000
836,5.488759,-5.608298,1.654648,0.999000
837,5.488759,-5.608298,1.654648,0.999000
838,5.488759,-5.608298,1.654648,0.999000
839,5.488759,-5.608298,1.654648,0.999000
840,5.488759,-5.608298,1.654648,0.999000
841,5.488759,-5.608298,1.654648,0.999000
842,5.488759,-5.608298,1.654648,0.999000
843,5.488759,-5.608298,1.654648,0.999000
844,5.488759,-5.608298,1.654648,0.999000
845,5.488759,-5.608298,1.654648,0.999000
846,5.488759,-5.608298,1.654648,0.999000
847,5.488759,-5.608298,1.654648,0.999000
848,5.488759,-5.608298,1.654648,0.999000
849,5.488759,-5.608298,1.654648,0.999000
850,5.488759,-5.608298,1.654648,0.999000
851,5.488759,-5.608298,1.654648,0.999000
852,5.488759,-5.608298,1.654648,0.999000
853,5.488759,-5.608298,1.654648,0.999000
854,5.488759,-5.608298,1.654648,0.999000
855,5.488759,-5.608298,1.654648,0.999000
856,5.488759,-5.608298,1.654648,0.999000
857,5.488759,-5.608298,1.654648,0.999000
858,5.488759,-5.608298,1.654648,0.999000
859,5.488759,-5.608298,1.654648,0.999000
860,5.488759,-5.608298,1.654648,0.999000
861,5.488759,-5.608298,1.654648,0.999000
862,5.488759,-5.608298,1.654648,0.999000
863,5.488759,-5.608298,1.654648,0.999000
864,5.488759,-5.608298,1.654648,0.999000
865,5.488759,-5.608298,1.654648,0.999000
866,5.488759,-5.608298,1.654648,0.999000
867,5.488759,-5.608298,1.654648,0.999000
868,5.488759,-5.608298,1.654648,0.999000
869,5.488759,-5.608298,1.654648,0.999000
870,5.488759,-5.608298,1.654648,0.999000
871,5.488759,-5.608298,1.654648,0.999000
872,5.488759,-5.608298,1.654648,0.999000
873,5.488759,-5.608298,1.654648,0.999000
874,5.488759,-5.608298,1.654648,0.999000
875,5.488759,-5.608298,1.654648,0.999000
876,5.488759,-5.608298,1.654648,0.999000
877,5.488759,-5.608298,1.654648,0.999000
878,5.488759,-5.608298,1.654648,0.999000
879,5.488759,-5.608298,1.654648,0.999000
880,5.488759,-5.608298,1.654648,0.999000
881,5.488759,-5.608298,1.654648,0.999000
882,5.488759,-5.608298,1.654648,0.999000
883,5.488759,-5.608298,1.654648,0.999000
884,5.488759,-5.608298,1.654648,0.999000
885,5.488759,-5.608298,1.654648,0.999000
886,5.488759,-5.608298,1.654648,0.999000
887,5.488759,-5.608298,1.654648,0.999000
888,5.488759,-5.608298,1.654648,0.999000
889,5.488759,-5.608298,1.654648,0.999000
890,5.488759,-5.608298,1.654648,0.999000
891,5.488759,-5.608298,1.654648,0.999000
892,5.488759,-5.608298,1.654648,0.999000
893,5.488759,-5.608298,1.654648,0.999000
894,5.488759,-5.608298,1.654648,0.999000
895,5.488759,-5.608298,1.654648,0.999000
896,5.488759,-5.608298,1.654648,0.999000
897,5.488759,-5.608298,1.654648,0.999000
898,5.488759,-5.608298,1.654648,0.999000
899,5.488759,-5.608298,1.654648,0.999000
900,5.488759,-5.608298,1.654648,0.999000
901,5.488759,-5.608298,1.654648,0.999000
902,5.488759,-5.608298,1.654648,0.999000
903,5.488759,-5.608298,1.654648,0.999000
904,5.488759,-5.608298,1.654648,0.999000
905,5.488759,-5.608298,1.654648,0.999000
906,5.488759,-5.608298,1.654648,0.999000
907,5.488759,-5.608298,1.654648,0.999000
908,5.488759,-5.608298,1.654648,0.999000
909,5.488759,-5.608298,1.654648,0.999000
910,5.488759,-5.608298,1.654648,0.999000
911,5.488759,-5.608298,1.654648,0.999000
912,5.488759,-5.608298,1.654648,0.999000
913,5.488759,-5.608298,1.654648,0.999000
914,5.488759,-5.608298,1.654648,0.999000
915,5.488759,-5.608298,1.654648,0.999000
916,5.488759,-5.608298,1.654648,0.999000
917,5.488759,-5.608298,1.654648,0.999000
918,5.488759,-5.608298,1.654648,0.999000
919,5.488759,-5.608298,1.654648,0.999000
920,5.488759,-5.608298,1.654648,0.999000
921,5.488759,-5.608298,1.654648,0.999000
922,5.488759,-5.608298,1.654648,0.999000
923,5.488759,-5.608298,1.654648,0.999000
924,5.488759,-5.608298,1.654648,0.999000
925,5.488759,-5.608298,1.654648,0.999000
926,5.488759,-5.608298,1.654648,0.999000
927,5.488759,-5.608298,1.654648,0.999000
928,5.488759,-5.608298,1.654648,0.999000
929,5.488759,-5.608298,1.654648,0.999000
930,5.488759,-5.608298,1.654648,0.999000
931,5.488759,-5.608298,1.654648,0.999000
932,5.488759,-5.608298,1.654648,0.999000
933,5.488759,-5.608298,1.654648,0.999000
934,5.488759,-5.608298,1.654648,0.999000
935,5.488759,-5.608298,1.654648,0.999000
936,5.488759,-5.608298,1.654648,0.999000
937,5.488759,-5.608298,1.654648,0.999000
938,5.488759,-5.608298,1.654648,0.999000
939,5.488759,-5.608298,1.654648,0.999000
940,5.488759,-5.608298,1.654648,0.999000
941,5.488759,-5.608298,1.654648,0.999000
942,5.488759,-5.608298,1.654648,0.999000
943,5.488759,-5.608298,1.654648,0.999000
944,5.488759,-5.608298,1.654648,0.999000
945,5.488759,-5.608298,1.654648,0.999000
946,5.488759,-5.608298,1.654648,0.999000
947,5.488759,-5.608298,1.654648,0.999000
948,5.488759,-5.608298,1.654648,0.999000
949,5.488759,-5.608298,1.654648,0.999000
950,5.488759,-5.608298,1.654648,0.999000
951,5.488759,-5.608298,1.654648,0.999000
952,5.488759,-5.608298,1.654648,0.999000
953,5.488759,-5.608298,1.654648,0.999000
954,5.488759,-5.608298,1.654648,0.999000
955,5.488759,-5.608298,1.654648,0.999000
956,5.488759,-5.608298,1.654648,0.999000
957,5.488759,-5.608298,1.654648,0.999000
958,5.488759,-5.608298,1.654648,0.999000
959,5.488759,-5.608298,1.654648,0.999000
960,5.488759,-5.608298,1.654648,0.999000
961,5.488759,-5.608298,1.654648,0.999000
962,5.488759,-5.608298,1.654648,0.999000
963,5.488759,-5.608298,1.654648,0.999000
964,5.488759,-5.608298,1.654648,0.999000
965,5.488759,-5.608298,1.654648,0.999000
966,5.488759,-5.608298,1.654648,0.999000
967,5.488759,-5.608298,1.654648,0.999000
968,5.488759,-5.608298,1.654648,0.999000
969,5.488759,-5.608298,1.654648,0.999000
970,5.488759,-5.608298,1.654648,0.999000
971,5.488759,-5.608298,1.654648,0.999000
972,5.488759,-5.608298,1.654648,0.999000
973,5.488759,-5.608298,1.654648,0.999000
974,5.488759,-5.608298,1.654648,0.999000
975,5.488759,-5.608298,1.654648,0.999000
976,5.488759,-5.608298,1.654648,0.999000
977,5.488759,-5.608298,1.654648,0.999000
978,5.488759,-5.608298,1.654648,0.999000
979,5.488759,-5.608298,1.654648,0.999000
980,5.488759,-5.608298,1.654648,0.999000
981,5.488759,-5.608298,1.654648,0.999000
982,5.488759,-5.608298,1.654648,0.999000
983,5.488759,-5.608298,1.654648,0.999000
984,5.488759,-5.608298,1.654648,0.999000
985,5.488759,-5.608298,1.654648,0.999000
986,5.488759,-5.608298,1.654648,0.999000
987,5.488759,-5.608298,1.654648,0.999000
988,5.488759,-5.608298,1.654648,0.999000
989,5.488759,-5.608298,1.654648,0.999000
990,5.488759,-5.608298,1.654648,0.999000
991,5.488759,-5.608298,1.654648,0.999000
992,5.488759,-5.608298,1.654648,0.999000
993,5.488759,-5.608298,1.654648,0.999000
994,5.488759,-5.608298,1.654648,0.999000
995,5.488759,-5.608298,1.654648,0.999000
996,5.488759,-5.608298,1.654648,0.999000
997,5.488759,-5.608298,1.654648,0.999000
998,5.488759,-5.608298,1.654648,0.999000
999,5.488759,-5.608298,1.654648,0.999000
